RMS_1,RMS_2,RMS_3,RMS_4,RMS_5,RMS_6,RMS_7,RMS_8,ZCR_1,ZCR_2,ZCR_3,ZCR_4,ZCR_5,ZCR_6,ZCR_7,ZCR_8,WL_1,WL_2,WL_3,WL_4,WL_5,WL_6,WL_7,WL_8,label
0.1734646662969965,0.4172314329626525,0.7862620845633361,0.4018698818921223,0.12331230281256386,0.16395576023146174,0.15950207957913484,0.15887978354312896,29.0,33.0,31.0,23.0,29.0,30.0,26.0,24.0,12.508990411854072,29.786125014794763,51.26654890189751,24.547648045354,8.354932247429966,10.293042620279863,9.96573184627844,9.026944121796529,0
0.10515654247376852,0.2918779120244891,0.4862015346382723,0.21082397577401443,0.05857072439423508,0.04774301122439447,0.06902746417801321,0.05588501704700497,10.0,15.0,15.0,18.0,14.0,12.0,11.0,11.0,3.841831384314969,12.216577851881759,17.89811916884193,9.301038207932852,2.279617144393312,1.8113739506222961,2.727348721430971,2.166437777100372,1
0.05235552901406923,0.1977925909052815,0.20347860267294898,0.2010079646854499,0.07559385288319038,0.05737963229353601,0.042354017168157364,0.11184736080506975,15.0,14.0,15.0,11.0,13.0,10.0,9.0,9.0,2.015210702719482,8.276567318012637,9.085136225231945,6.060124410052122,2.635719608170025,1.4731639368090612,0.9323839892957922,3.1506824426123288,1
0.10597877675291018,0.1837144617426255,0.30958373917416027,0.16336510633697585,0.04092914125957252,0.06593182899030312,0.07889479076436728,0.06992916072007535,11.0,16.0,15.0,12.0,12.0,14.0,12.0,14.0,3.792400005505666,9.403383863278602,14.73281907930602,5.9541991231605005,1.5817754300645663,2.212960386455585,3.0369962549179825,2.7483359736545534,1
0.09453299066720616,0.23898677396462298,0.39044222467536777,0.1883173998211221,0.045111690231496394,0.04966802953155368,0.06956985876829914,0.09100463088536348,17.0,14.0,14.0,15.0,11.0,15.0,11.0,11.0,4.108582406658938,11.185319035722891,17.32422602830045,7.990551105481901,1.7785271221455718,2.246978891132602,2.2666450921783587,3.375211121249197,1
0.11120507355581327,0.3384871276186685,0.4674510567799484,0.2610212409937289,0.03754055745115219,0.08303912029458303,0.0893495432309509,0.09276095658959335,12.0,11.0,14.0,14.0,16.0,14.0,16.0,12.0,4.308062269251621,14.029188518959362,20.53596827996316,10.72285834037832,1.641500469169422,3.223066969877664,4.12263212548868,3.383520965787587,1
0.13428525436118796,0.21673316678514246,0.5716463456406852,0.334283277376016,0.0769145236918724,0.0410464213292273,0.07692241769449071,0.0985492837106289,13.0,14.0,9.0,13.0,10.0,14.0,10.0,12.0,4.667160905335594,7.588047256276301,17.834066254046554,11.726935125803474,2.6356205786936253,1.824242147855944,2.698818084587489,3.284016491391815,1
0.1407649619398944,0.14327787578857373,0.21628981297938976,0.17120109596277105,0.06961849099965828,0.035227013310295145,0.06305922305195148,0.08316755063553917,13.0,12.0,9.0,12.0,10.0,13.0,10.0,11.0,4.9540371521813835,5.211631083574638,6.685086633566979,5.861017990105102,1.9146070278322362,1.3672352832670813,2.090361477898733,3.066782576987858,1
0.09573573136325218,0.3298457063328742,0.47869628324502755,0.2303258449875042,0.06398578944521559,0.05688108988180915,0.09154294434580812,0.09060215968208128,9.0,15.0,16.0,14.0,9.0,15.0,17.0,9.0,3.053081258705463,14.331318784240345,21.927452738514926,9.388952347280629,2.175120959593023,2.3329675340088314,4.258187960843027,2.8209424542297374,1
0.09025409632671007,0.16241383142686078,0.26596651318780606,0.06626659401068381,0.07103555702104408,0.1011833267746539,0.04902551346392493,0.039855506599561434,14.0,12.0,14.0,13.0,12.0,13.0,14.0,11.0,3.3303432766670458,5.50802111846082,10.434815727985885,2.453533403996021,2.803908757005976,3.3441109199144075,1.8647086374594908,1.340544802853866,1
0.10799253292574545,0.16761992315056495,0.2733871766642446,0.13790107542382585,0.03313843476369055,0.06735438615291929,0.08731902427464863,0.08442366259436564,13.0,13.0,13.0,15.0,9.0,13.0,11.0,13.0,4.395464436806567,7.63931294609494,12.05155335503307,6.576349899932002,0.7913736891590557,2.8715815414945887,3.338822405260169,3.388595001248327,1
0.09772708513227017,0.27228419832823963,0.38300653617729796,0.15943992308930396,0.039081487978643956,0.11776412721807174,0.10867383060610858,0.06239584857380499,10.0,10.0,14.0,12.0,11.0,15.0,10.0,11.0,3.537994061993264,9.27137268971847,12.543982524763187,5.993184714742075,1.2427751703391698,3.689022723038975,3.2421438876972726,2.473872735690824,1
0.0535786736808151,0.12444892773633806,0.19838463676048668,0.1263926593247998,0.03426365422788159,0.0748113771211357,0.07263657627028436,0.07105320924046002,12.0,10.0,10.0,10.0,10.0,11.0,12.0,11.0,1.9598612421624462,3.8873999940963606,4.932221479666238,3.7289796094675833,1.142739826459374,2.3855279038451362,2.5194771947459595,2.6664727712717275,1
0.06077662916859014,0.13845851544829044,0.23130071037258407,0.06306096841895308,0.04736319728205138,0.04946810070058357,0.03966562659883952,0.06532670013171463,10.0,12.0,13.0,10.0,9.0,12.0,8.0,12.0,2.2540194778939027,6.733564324515564,9.024907990605481,2.246331546359867,1.464200317778889,1.7475564806457942,1.2214200066069867,2.1593535964470094,1
0.09918827739230052,0.16314767298573374,0.206030904723611,0.1114180472888432,0.04940595244197448,0.04300935831441944,0.07764078271970667,0.060350614633918956,13.0,13.0,11.0,13.0,13.0,13.0,14.0,12.0,3.2300523339284797,6.06751053507682,6.5859206396759244,3.772964510797996,2.0668168605344976,1.7646708392892432,2.9639678696738323,2.0253547990779737,1
0.1091149840419084,0.15823663583140932,0.27527175952095595,0.1582372909879187,0.05107763355095186,0.06649477273574679,0.03445574707603387,0.08961110444345481,10.0,14.0,13.0,12.0,14.0,13.0,14.0,12.0,3.174775220078511,6.146816386173751,11.493737356969975,5.9978708036404935,2.1471262635945108,2.466235891445286,1.622381931286242,2.9278372518213183,1
0.0728267844882517,0.26979747306321145,0.28566457383767707,0.1420232868739494,0.053267127954244695,0.06402637039537339,0.07447022031312986,0.07569956837269509,12.0,16.0,12.0,12.0,12.0,12.0,15.0,10.0,3.0269152364581444,12.370838310835993,13.076669882140514,6.215364948983042,1.7722798132741904,2.0883279513909034,2.82600179126271,2.849010311426655,1
0.09858333076420714,0.09984496581640101,0.24104898257924495,0.07722354001482323,0.045541395788744124,0.03367046113311872,0.04096452149054177,0.07876199849654586,9.0,9.0,11.0,9.0,11.0,11.0,8.0,9.0,2.9333039678346795,3.2687587576448878,8.556193196696558,2.3197847479423768,1.3854788351961431,1.2338380227883812,1.0058580781725144,2.7226355726036644,1
0.09307214588338221,0.22247217936430677,0.2742008399508207,0.1501149691955339,0.039490400186715714,0.08108925727926283,0.08878386788302947,0.09778709167859026,14.0,12.0,16.0,14.0,16.0,12.0,14.0,11.0,3.414551007223962,10.427970161877582,13.045212137834442,7.075953737491367,1.9406216734732682,3.193543465856602,3.3912679617887393,3.379189060323214,1
0.10486982936528866,0.25319167563656153,0.34016956944292653,0.14335575630741296,0.023593242041304426,0.0478382692793165,0.05518367026847329,0.0670818081489501,10.0,10.0,10.0,10.0,10.0,12.0,11.0,13.0,3.5917923961930596,8.053658243160315,11.647684444565034,4.8377293913999475,0.869029264865797,1.9382942404873573,1.766644854729322,2.6696344542762662,1
1.001409820148557,0.6077983159795933,2.1047627257644588,1.7674811811621625,0.7283469182851129,1.0341025834057611,1.0791490320805557,0.6063207197934162,27.0,29.0,35.0,29.0,26.0,21.0,27.0,24.0,24.686125803043332,42.32787138632784,101.08947000103532,64.05511129547119,41.50453237475095,57.25424506671991,61.09684469225644,21.2997936740652,0
1.3507402099545605,0.7067777540094244,1.1352239535975788,1.2531441988321896,0.33879807665934064,0.41024751609471943,1.709912310860085,1.1425840708541983,14.0,14.0,16.0,15.0,14.0,9.0,15.0,16.0,61.57430751913298,25.65541713631967,44.988819589002865,53.677168927154895,14.08840308756996,12.724789773294189,71.13406554695946,54.19582748111797,2
1.0389371486764452,0.43920555892502805,1.1174397242764704,1.6609702349618594,0.4854403090139604,0.567931293968463,0.976166518313363,0.6070798778145273,14.0,11.0,13.0,12.0,9.0,15.0,9.0,14.0,39.60493310807735,18.50747095298954,43.72002700607131,68.59542679748652,13.081539234806106,23.065785165324186,36.16858547616314,23.71962265038342,2
1.2148388331625595,0.5372844625415266,1.1806614502631139,1.2921568088024853,0.2574017689853831,0.4423193264607754,1.1734821641940616,0.9441456553037446,14.0,12.0,15.0,11.0,11.0,13.0,12.0,10.0,44.74816351469906,18.041680599912283,44.185447911432426,45.38066916831213,9.417945771264584,17.650882761575403,52.334867842219225,27.10135850767549,2
1.0698393723712452,0.6088482226138148,0.9431065242554588,1.1117269331395656,0.3958566757616923,0.6489593478373339,1.321874447788608,0.8659769584430588,11.0,13.0,13.0,11.0,16.0,14.0,14.0,10.0,34.746258585110034,20.60888925698213,38.59150640506465,42.653231259232314,16.93746000515534,25.573628955499114,52.623676050168456,23.604569359625675,2
0.83346268232272,0.7098164908300483,1.3274758225299832,1.6444671550632235,0.714940297211935,0.9482788586087606,1.330119068250617,0.5327964889284463,11.0,9.0,15.0,13.0,12.0,15.0,12.0,12.0,25.698689008730486,18.086634180827772,50.22796724452311,64.53452584524203,23.721765468296717,34.37984371315592,45.051452248801155,18.44649808733146,2
0.8482558976342198,0.47018769800673005,0.6588584029381926,1.0865432053768913,0.33277914556549915,0.5830555230987658,1.7909237155153064,0.763132505350427,10.0,12.0,9.0,15.0,15.0,12.0,10.0,12.0,25.696247147889324,16.339411250553223,15.630640074081033,39.865099622773016,12.30488732258279,22.196612678024376,53.109772572355865,23.93908958086939,2
0.5256435146074865,0.29981929810586355,0.9676247301776152,0.9181425259210582,0.3377626908624014,0.3862549683340083,1.1969192200727437,0.40080175660926165,12.0,16.0,16.0,14.0,10.0,16.0,12.0,13.0,17.769943651215286,12.217184368989347,38.73811000700921,35.070708679221106,9.637610352507979,14.689066065047648,35.1780872248787,12.582617605104835,2
0.8599613708219881,0.4078934875803573,0.5551240486321917,0.6840510072215089,0.1438050793394449,0.5961421877496451,0.9763464202415999,0.7399880321987846,15.0,13.0,13.0,15.0,17.0,14.0,12.0,14.0,29.01466687842797,13.737305449728375,20.600898187270683,25.127680699812856,5.393890091094349,24.79844022260289,32.428426354537315,26.042694789598116,2
0.7037435851617864,0.24463185912713914,0.3271368382439703,0.6297399823193638,0.3242774915675185,0.3438752577634491,1.3783472951877809,0.36848479622474534,16.0,14.0,16.0,15.0,12.0,12.0,15.0,12.0,29.868870441939553,10.063610403196895,15.65409145124645,25.622851881462623,12.948876599273952,14.784998003558094,55.962538630185456,15.001526239043022,2
1.046526279310475,0.33430047475869124,0.8959846859687102,1.8257412885104547,0.277724358226534,0.4088741840620086,0.8175062923625807,1.0432408914481461,10.0,10.0,13.0,17.0,10.0,17.0,10.0,10.0,33.05260624795509,9.601904950493577,29.529704053938364,61.781501671389606,10.248043709927225,17.92379525306834,26.62300832049345,31.1281982134047,2
0.8394431205361839,0.1926230578155383,1.0073162780803635,1.3331402949371522,0.23763742533663687,0.26758924672207157,0.9481355041008253,0.37753972659045987,12.0,13.0,9.0,10.0,12.0,10.0,9.0,14.0,28.203220830513185,8.278565896127576,36.038093769190645,43.51949986882712,9.564363803013503,9.95528550715086,30.64422512448988,16.06863426395948,2
1.0178204399668613,0.6803064426365749,0.5823907772246505,0.6705077340355154,0.443262818350382,0.46810305923316864,0.8261034991726529,0.7516989325711355,12.0,13.0,12.0,12.0,14.0,18.0,12.0,16.0,35.341920222642145,22.508974731148264,20.973259067454872,17.738668332071637,15.883313100205585,20.765747337430092,33.03836312090299,31.651596480352012,2
0.9915862898918687,0.5316265293089726,1.0757324061645297,1.6794280752671924,0.1847680700366443,0.35503363956260453,1.5459366651841668,1.0958701851449957,11.0,12.0,11.0,13.0,12.0,10.0,9.0,9.0,33.67891369506585,16.9854433321348,41.86794976144926,57.571509495394956,6.063136432139327,12.699050645945915,43.218882124343494,28.54549115503514,2
1.3336692098132017,0.4750552675058134,0.9833528661614778,0.6435227067901345,0.14340352537154838,0.4995235849604216,1.399758545161895,0.9405963364798071,15.0,15.0,14.0,10.0,18.0,13.0,13.0,10.0,62.45844451423762,19.807869280010326,36.158639616718716,26.896616001395092,7.1555681098945545,19.690733569092725,53.22881961491312,36.25868341415299,2
0.4093808966441555,0.3281684236920598,0.8584273151378519,0.8182788393478834,0.43023953450050517,0.5471673743299945,1.130989853817451,0.5460242475560252,14.0,14.0,11.0,14.0,13.0,12.0,16.0,15.0,18.183920822221246,12.354852164276496,23.003354425979875,27.361770803048078,14.473586305595052,20.21914160871393,41.55462626823531,21.323249013847075,2
0.5048559962017538,0.4309932310752121,0.91393513138266,0.6413649334122328,0.4409839768981707,0.31666806942042713,1.0590603935823761,0.44634280117281067,17.0,12.0,16.0,10.0,13.0,12.0,10.0,13.0,22.28860776565795,16.460589842349595,40.609498347048834,23.456832531889056,16.0271148012972,9.515495190605046,34.396865088437835,15.658129481086883,2
0.6574194527916464,0.9510466987107988,0.7764284189293092,0.30299613365739503,0.5528515815646842,0.35403765812152416,0.3358823984347998,0.8810589547818133,25.0,25.0,22.0,26.0,18.0,29.0,28.0,24.0,27.562533539192422,49.106125466480904,38.34921823367074,18.809036975155514,22.91365436249383,17.214631767781768,14.849705081924512,28.053634176123342,0
0.15780401715253836,0.2940234240489136,0.48094970298943646,0.2177349113522435,0.10115003713682869,0.12802537760523366,0.12985195957855605,0.12484072997216648,29.0,33.0,30.0,30.0,31.0,26.0,22.0,22.0,10.619169074284434,21.313874502534134,32.94442707848596,14.236235935284393,6.608267693436869,7.28811694314523,7.666526799167471,7.40819059537877,0
2.1972153105912042,3.8746551761359926,1.3018317091357985,0.6117123574138675,0.5021578261332906,1.1078730815269189,2.0916107149118623,2.4205296343708254,23.0,23.0,27.0,29.0,28.0,31.0,26.0,21.0,117.62127115458834,198.98586628486171,90.7323343268149,40.23992317480074,35.07698120197992,70.53080215495352,100.82977451446291,121.09541942585102,0
1.8735832413565696,3.2945702131601236,0.4840808782584604,0.17596183484009864,0.13441627163684972,0.40431960236772896,0.9676734585357142,0.7546755087619577,10.0,12.0,12.0,13.0,15.0,11.0,12.0,10.0,68.05618283287482,115.20457289648847,19.434270427596775,5.879739795990174,6.349484695548395,13.738675352810295,40.07729934992699,29.965007210362977,3
1.2427156766785823,2.190733055091531,0.4346472665136532,0.2665596980401779,0.16620729371077494,0.36373072833863956,0.5658518548090072,1.2711624149549317,13.0,10.0,14.0,13.0,13.0,10.0,17.0,12.0,38.36995163610516,85.01587274137866,17.809659343687933,10.055003722206694,6.548404485217456,10.764066036630757,26.803248918363767,56.9187762891942,3
0.8167459764135029,2.623122081153738,0.8022782684516169,0.3202181153819962,0.1537885545687483,0.33168626093412096,0.548658530089377,0.8141974968062247,17.0,9.0,9.0,11.0,9.0,15.0,15.0,13.0,33.76685513116485,79.81505209362795,23.73144489052117,9.755141990312378,5.017882675796108,11.368757440248729,19.13432053944062,29.827999114111083,3
1.9159349006006385,2.902586939369668,0.5756690161425605,0.18951146525675386,0.12530835786787423,0.27920863189034917,0.6579636051096212,0.8670080157256693,10.0,12.0,13.0,13.0,17.0,12.0,13.0,14.0,56.2411199634645,95.73078944798206,17.857655982525465,7.641321067642574,5.216441056684046,10.552441514786645,27.663025336273808,34.68417286877381,3
1.656107015383282,2.598546364929558,0.7582274710907605,0.23165774492371363,0.1434928060360021,0.33280009045831027,1.3767859480259825,1.1365680733452423,14.0,15.0,10.0,14.0,13.0,12.0,13.0,15.0,65.20400006033485,102.5857718386694,27.135633970429826,9.083736985227528,6.062043513311426,12.62492390323742,50.67696821540268,48.159967332253075,3
1.4584840142447533,3.3028393041247948,0.6461553143907705,0.23063084554328717,0.2066747485877358,0.33210425315916065,0.8005449843488263,0.9640507499005024,11.0,16.0,13.0,13.0,14.0,17.0,15.0,13.0,58.17700451268629,149.74710528473673,21.27756762748048,8.358872522930776,7.865302507133779,14.889162757306456,31.05829415334805,33.11855769376163,3
1.2491925864036415,2.1617652721513476,0.7308550949793934,0.2519237553095807,0.0927876773841709,0.6929030769391437,0.9010882160406057,0.7268571061135333,14.0,14.0,14.0,14.0,16.0,12.0,12.0,12.0,51.931955854315035,94.10258295207309,32.077069282811436,9.76294543696518,4.199140849495477,22.931804525218194,34.18338344199481,29.65557465469031,3
1.174277777844819,2.414161363137747,0.6227932103694644,0.26182230811064505,0.10200900988600571,0.3039638353362179,0.7041069167482538,0.6052935223892402,13.0,12.0,13.0,11.0,13.0,11.0,15.0,13.0,40.01479493089646,73.34690073022266,21.1069749676779,7.793892911213986,3.513184380347864,11.230137693457216,21.82226391224545,21.101061926305366,3
0.7550508019345955,1.9712510095862563,0.4375618299179549,0.16983559750799776,0.0929088984789174,0.3912029357602176,0.9129109747879056,1.0789648754478505,14.0,11.0,13.0,13.0,12.0,9.0,10.0,12.0,30.82139114767507,79.11359187328395,19.388047769723585,7.435445525836571,3.174572890970024,13.21972509112155,26.042912014844447,33.707013161480006,3
1.0445140197726177,1.7253426482378622,0.33476693620956305,0.11413451103314516,0.11159109036057172,0.1774868452733819,0.49412839597765257,0.5193549830314078,13.0,12.0,9.0,11.0,10.0,11.0,11.0,9.0,35.84878489337784,60.28297726430079,12.397832877401846,4.044556101480826,3.9248675420204044,6.4177393343867415,14.93542119725481,18.660583527982233,3
1.1650006533806099,2.9094757738995076,0.7030591073743803,0.31932962864378717,0.12335875637333263,0.2721476165311761,0.8734426669562794,0.9610107640318265,10.0,11.0,12.0,12.0,13.0,11.0,14.0,13.0,48.21793446203479,114.99655567934899,25.6573870399177,11.291227660381837,4.911156715813331,11.269543320416755,37.80237469431556,39.27768430548026,3
1.076461247368844,1.9318378117201678,0.5003652422834107,0.12985253029777621,0.060340124796217254,0.07976372501860994,0.7102871485315203,1.1612162233107617,11.0,8.0,8.0,12.0,12.0,11.0,12.0,9.0,42.304821492683516,66.9506970775535,16.02386895134464,5.602959907703666,2.335949677628807,2.783173779155993,22.900787292727014,41.47885831117144,3
1.0369621462617347,1.5369382404901115,0.37165025589882417,0.14839788030153586,0.10498564212068011,0.13666630101100147,0.4349681755867447,0.6041418147559016,15.0,13.0,10.0,10.0,12.0,15.0,15.0,13.0,41.34048015578852,61.278779590077214,12.829732574895598,4.679378945656571,4.181746649888465,5.192126640568155,13.790161525392095,18.264913047225072,3
0.7813316697581998,1.4567745555050005,0.4735660633153066,0.2330005989077435,0.1441633701824839,0.14892317113673237,0.2933250118984984,0.31288350312420726,14.0,12.0,10.0,10.0,10.0,14.0,18.0,15.0,37.30046530178866,60.80536579336081,17.39744727695811,7.345880342034457,5.040664301381182,7.938424589577383,14.57579845767768,14.618942107131792,3
0.18352724372244583,0.4338567249703249,0.6606097953153569,0.2965521450255992,0.1076344086269921,0.11659917546252203,0.1358939210751984,0.17104802571773095,29.0,32.0,35.0,31.0,32.0,30.0,37.0,27.0,12.619545595454442,31.09065681058045,51.45179694800624,20.441748499079797,7.946991992465223,9.33835636784293,10.966884700335955,11.16846927498568,0
0.5727277744253227,1.1352660453456396,1.8876668310110285,1.4194368186737243,1.673083229108762,3.7038032468212796,0.8992214912118243,0.5218379655695213,22.0,26.0,36.0,28.0,30.0,25.0,28.0,32.0,24.508991422526485,57.22990031825872,108.20343349081965,73.39625457159273,72.17776987571473,131.16185765640472,36.00573765615327,25.901748452044025,0
0.2481626233554753,0.6262480013674954,1.0625667271518449,0.7116110205640412,1.6470823633414622,1.8044727175682878,0.7947098908175807,0.34502635799984505,13.0,13.0,16.0,18.0,17.0,14.0,14.0,13.0,11.823312327706024,25.483624527983256,49.47704441111327,36.82384736773541,80.57912321130063,86.74721600745922,33.7647424764683,14.418685783478198,4
0.309954330078028,0.5721983607261004,0.6638833618005944,1.150690576295663,1.9780692118768046,1.1246679476075159,0.6175508023402088,0.21553010762264938,12.0,10.0,10.0,14.0,19.0,18.0,12.0,14.0,11.439773321246667,16.024726029667626,23.120384297715603,47.087273728879595,82.09677578310583,55.696412840042186,22.495168615481735,7.09283328857982,4
0.20629012254588908,0.37185673415040915,0.7967291183288787,0.8091796227672317,1.8020107889370311,1.193199616304996,0.499551954040301,0.20084994893100674,10.0,8.0,15.0,15.0,12.0,14.0,10.0,12.0,7.427295468957745,13.566661926790392,32.906258749009936,43.415671371353234,68.73332467278452,57.82827719059157,19.021981387300208,8.303402616196797,4
0.2783523688518578,0.4662199153672583,0.7772875549087785,1.1649939798722002,2.3012876163740676,1.6122251842255095,0.7410019715397566,0.38146931469506246,11.0,11.0,12.0,13.0,10.0,18.0,15.0,12.0,8.988384261241176,13.833083618391251,25.611982508942944,40.63855521771989,70.81526874313619,75.18431068671455,29.17206374359948,12.44460937807976,4
0.4943820014103057,0.7607511605223819,0.9908201721229414,2.3466078921820572,2.2270196343295305,1.4386059021343993,1.2012466417378302,0.6794574920102201,9.0,11.0,13.0,11.0,11.0,15.0,11.0,9.0,13.263197059820865,23.197604090111824,30.86797970649877,61.2057652670806,74.11949631765397,52.751364855008426,33.08877377563354,17.26805833764813,4
0.3304668926174901,0.8461007572486923,0.9509411393517596,1.4235147988346357,2.122412386854084,1.3375462937629636,0.6895423874132965,0.35587477451135147,16.0,12.0,12.0,12.0,12.0,13.0,12.0,10.0,12.378493579309232,28.442942138011393,38.81465571710039,44.94067109844964,70.18740605286025,48.059874564846105,24.67938454973305,11.053199881786593,4
0.23529217523891918,0.5643550605076918,0.9488763866954676,0.9868052509313747,1.2075266313338804,0.909506635482992,0.47883144902177205,0.3458270073303496,12.0,10.0,12.0,13.0,18.0,14.0,14.0,10.0,8.967939490119708,20.230091944745094,35.78001056330581,38.95152376515768,61.514782046836416,44.0754634407133,21.513379872643473,11.307730879209576,4
0.1691074695838833,0.3301282374584608,0.7505031075410614,0.4033245811049229,0.9736503957184993,1.0894043383437548,0.5331788855747576,0.2996956762964279,11.0,11.0,12.0,16.0,15.0,9.0,11.0,11.0,5.4125187980534175,9.643520921021654,23.993641933741024,13.390577282848465,33.520181014245146,29.497450132413956,16.985170484173274,10.993337140557514,4
0.13283268569768258,0.4706882617686471,0.6172358012809669,0.7998941355616213,1.421251361645511,1.3037311550445336,0.29572455087736066,0.1687668719404654,17.0,10.0,12.0,17.0,13.0,10.0,11.0,13.0,5.936419911178368,18.39081313866493,21.671378243435765,29.933051189624084,55.676982086855006,47.8482040921005,12.169480022293207,6.82290127293207,4
0.15955325779189292,0.38755190785453314,0.45183558966315723,0.5738594548064865,1.2220712302832564,0.9978198624657836,0.3902755944985366,0.20798362715317448,13.0,16.0,14.0,10.0,10.0,13.0,12.0,14.0,7.3999710925850595,19.123835633891098,21.17796774055538,20.77984897873902,43.303586958067505,42.651430874495006,14.029957422087561,7.979873956806374,4
0.2494741189830656,0.38295044468986056,0.5923543356469745,0.7744107320931131,1.5278951648762913,1.1317017130009381,0.27427839243398555,0.16678190943545795,11.0,12.0,12.0,13.0,13.0,13.0,9.0,12.0,8.583113403650286,12.155260172007448,22.06657683409062,33.544261671377264,52.33170402346474,45.97035715066401,9.546124455424696,5.774001361728982,4
0.1853642945146964,0.44921826713650326,0.6790477729262889,0.7549905068842189,1.605042385788656,1.3500227405074054,0.39395543376058056,0.18227635864052352,13.0,13.0,13.0,13.0,15.0,9.0,12.0,14.0,7.471525223142036,19.723379313917366,31.107846508922073,36.3469340871866,72.9554386081082,49.44204376281195,17.591780539453215,8.048941573669632,4
0.24364628551163522,0.4833460117096973,1.0729080731718494,1.189196479429528,0.9427267874319922,1.210508188023189,0.4663240574983534,0.2177337994754342,12.0,13.0,13.0,14.0,11.0,14.0,12.0,12.0,9.579085770551211,20.482137007674158,46.84965009202081,58.473605200396584,38.56777814966774,47.48074350318626,18.381139088137896,9.153706554306938,4
0.22953746651708912,0.6775022412158648,1.3211822768913815,1.083665593074938,1.550861314335698,1.907370752249172,0.6777914653342549,0.2425427918313529,12.0,9.0,11.0,13.0,13.0,12.0,11.0,16.0,8.456078197464564,18.531101813183064,41.746880768455256,35.34714198899255,67.35691907920551,68.40096543669748,25.359270022966264,10.136371907992178,4
0.2950463748831162,0.569342611883724,0.9576682981223664,0.395267156129761,0.14310023785060683,0.12260413171253264,0.16927725238160884,0.14170032714208491,25.0,30.0,32.0,32.0,26.0,27.0,33.0,20.0,18.402718119104705,39.46404539112397,64.42369558480685,28.99384006451099,8.167766538662697,8.054711948322918,11.333009320407257,8.04962967489152,0
0.2615464493886242,0.4585125108579587,0.8181914414648211,0.3748771562323967,0.12503864735010625,0.1637896674227236,0.17699440923225113,0.1512859355503362,28.0,31.0,33.0,33.0,25.0,36.0,28.0,30.0,17.02619304178763,33.81102890788032,56.20863365077461,25.67251052402704,8.210865557467608,12.509392082847855,12.602901746662711,9.457606161912693,0
0.9403539526266339,1.2159756129354435,2.30676131047213,2.5124105743446514,2.1800626984733906,1.1987685074595882,0.7346326111822896,0.39338786671155906,32.0,24.0,23.0,27.0,32.0,24.0,31.0,27.0,56.27675543230561,66.13688318661175,143.09101899001826,150.0441291271283,130.6392204221536,64.53653529407539,46.13059500508491,21.48615506434042,0
0.513151540504246,0.9993213145060399,1.5973955011765422,1.043114219975024,1.0827022638999535,0.41775819691503135,0.3934794808958305,0.21284676551119452,14.0,10.0,14.0,11.0,14.0,11.0,12.0,14.0,22.07787666455593,30.042551250399733,46.22445095734892,34.63147583212158,40.75287124096369,14.913966097291647,13.217873052640131,8.779307225005086,5
0.32814567414882956,0.4852226490862717,1.3741519244328764,0.9535920471420152,1.4109367878824361,0.28403244105165487,0.25077458831999,0.10146820458112923,11.0,13.0,13.0,11.0,12.0,13.0,11.0,14.0,12.263616246443789,19.013501957013244,53.22063928840744,34.51200247898276,64.10831125590471,13.285983140583213,10.71739451228581,4.340105889320924,5
0.2562518569873402,0.41963953633836737,0.9129886027357653,0.5746024467848673,1.123837562476445,0.28464568594080425,0.20013640285080178,0.1426860936848308,11.0,15.0,16.0,16.0,14.0,15.0,14.0,13.0,9.3629799300052,17.59381519011792,41.64617748518235,27.736160628376815,47.845638954014944,14.275724008023088,9.205849589007007,5.4361316739965035,5
0.17022936258725907,0.48638092578727093,1.0752036678863486,1.0584414145560554,1.2516678193079165,0.31505568553459745,0.20648870124347088,0.10801558340855567,10.0,16.0,12.0,10.0,11.0,11.0,11.0,15.0,4.9216627588453745,18.85810072868769,35.608785211797134,33.6840503950193,48.404746774681946,9.063731351770194,5.468140527665906,4.960455075951333,5
0.28388920811645063,0.5850246777825319,1.0809673265716808,0.770335502561552,1.2931902330087925,0.41225672460162677,0.22331294851259767,0.16016017754325015,14.0,12.0,12.0,19.0,13.0,11.0,13.0,14.0,11.697694538192202,25.365156994812427,41.616950165666786,40.17964697362126,56.87740259370336,16.5375866097046,8.864221836254835,7.3053829221481985,5
0.24771230303201197,0.44345182615644846,0.9084498263069413,0.685410382252238,0.7062054184061517,0.2310327799064045,0.22381428865447814,0.14220159799901425,11.0,11.0,13.0,12.0,9.0,16.0,9.0,10.0,7.435178222111819,15.431530728645923,39.76775624452707,26.111307135810915,23.31690110298202,10.399866367365409,5.485273805739254,4.059999694626006,5
0.2270786077440938,0.4204007231752133,1.1396491480838615,0.863894703799506,0.9850399444572153,0.23343037160827332,0.24894567450624588,0.13318318237878923,13.0,13.0,10.0,16.0,13.0,10.0,11.0,13.0,9.20203006666462,16.28634478185167,42.18850180876978,38.790340827024835,41.819427137465546,7.19297748526343,9.451257367036392,4.58055024512921,5
0.13228666523576021,0.23035404419714736,0.4446803529310044,0.5287102019853435,0.5212736950520614,0.16018054910554635,0.09957057515505918,0.06948452702115102,12.0,14.0,13.0,14.0,13.0,12.0,15.0,12.0,4.378556159212255,8.584630636770353,17.00480636590549,21.049441761922637,16.16093314267923,4.1299687710392154,3.9550007598229477,2.4061455878063382,5
0.09875258320117418,0.45365927032043957,2.199434857176446,0.47414557585634864,1.4995050803791092,0.2977829472623453,0.15864072670168033,0.06660040506364,9.0,11.0,9.0,12.0,12.0,11.0,13.0,10.0,2.8504794219571745,16.018229713113705,54.45306045341153,15.984106399506116,38.77938683796878,10.157947544078587,5.651299438085725,2.3112741321203925,5
0.14210827502861834,0.32811030328131613,1.0576122636888672,0.5919831966552637,0.6736160402382798,0.3493580164044271,0.14359365647732375,0.09485401000913724,14.0,12.0,10.0,10.0,10.0,13.0,14.0,12.0,5.296333531300626,12.20440650309809,37.56217323922204,21.835294263841078,25.39303870108201,14.457164997534711,5.928617062503116,3.6467347144870486,5
0.12356656166512356,0.30851841615581044,0.6339788067945604,0.6694424081647876,0.7788783020421749,0.2892543973488142,0.11034198910299996,0.12036339454477629,14.0,16.0,18.0,14.0,12.0,11.0,15.0,12.0,4.730947775095109,13.850844526431253,33.88509282431905,31.81158173339585,36.065690650610094,10.384416096756546,4.663885884727308,4.809874519759009,5
0.12391343432377577,0.32059229831474445,1.12837309559783,0.9319347932648789,0.8396920399117181,0.16997752100026722,0.1523538671512369,0.12769013821431646,11.0,14.0,12.0,12.0,11.0,14.0,9.0,10.0,4.9871098897971144,13.862895461984785,43.023972953077326,39.76713380917556,31.94086858532255,7.350470348512806,5.522502651512002,5.082604770793424,5
0.10942106517938201,0.43464377250997516,1.1196018558902436,0.6484822668899606,0.9157594899414248,0.24172540146799523,0.1499979546790429,0.09404049759129102,13.0,12.0,13.0,13.0,10.0,10.0,11.0,13.0,4.807361835457727,17.909893822044697,49.23470215247587,26.45332986415898,32.56321739546078,9.678076235608374,6.161200373615651,3.904611227751933,5
0.14342204922878624,0.26327930566265995,0.9525072853134186,0.7500840194745747,0.8188113260365582,0.325806558294797,0.14201476167396954,0.12389722633449345,12.0,12.0,12.0,14.0,10.0,11.0,13.0,13.0,5.430392113944716,11.320192590676221,36.39898878688031,31.132199170531397,30.001515856158132,13.11024933615518,5.821056421440244,4.777958827377192,5
0.1745860909375996,0.2654013695415638,0.7625400147593205,0.5901244699510965,0.9524467208363565,0.11460547968688499,0.21575926846123833,0.18971356151197463,14.0,13.0,10.0,15.0,13.0,12.0,14.0,12.0,7.746526714499298,11.408003798442744,30.072313199223096,21.340088266108292,36.69963583239948,4.957969564461296,5.818117144459907,6.370188658807182,5
0.1854188971468456,0.47518742647225626,0.7159620052096325,0.3687877022477063,0.1335003426378086,0.13144263719626045,0.14476699168819013,0.16980959984482272,31.0,32.0,32.0,33.0,32.0,29.0,27.0,25.0,12.820005578255351,36.52422825111262,56.14694745092144,28.338295866148414,8.57707561574771,8.393397110665617,9.896465828505796,11.021541526168264,0
1.9004771923416148,0.9031167015087105,1.167116706892085,0.7127590332052139,1.1704003624260075,2.316886996550921,3.104586824372856,2.8860779983353,18.0,29.0,31.0,31.0,31.0,30.0,24.0,20.0,96.50507643226153,60.318830999521055,81.68495751100073,49.65780418558701,78.98790100258812,136.22523913658523,186.33200099877604,166.00776509661915,0
0.7972972363251651,0.5457804518281608,0.853118758310758,0.4070087445786647,0.4806204122141681,1.3545287724250825,1.215243749468921,1.6994771034111456,14.0,10.0,12.0,12.0,9.0,11.0,16.0,14.0,26.155990071339506,15.212899338479017,25.381825918828,13.760195703198377,15.430569269329474,49.61164166658488,47.623878928827615,49.00101339326443,6
0.4054324103734216,0.22082304721048143,0.33823372141433394,0.19832278089777033,0.8953921946040717,0.8867392916868665,1.3707362457324836,1.9526706662550493,13.0,15.0,13.0,13.0,13.0,10.0,13.0,15.0,16.797415863117312,8.009178277491488,12.879507752372747,6.525570052269548,30.0395976413829,37.333096617731954,58.26684765449797,85.21861243772999,6
0.8394571209953541,0.5003361098780885,0.7050258005299345,0.35226941502297016,0.4885012153664,1.5243036271834296,1.2189813950561954,1.8871571663303628,10.0,14.0,14.0,16.0,13.0,14.0,12.0,10.0,27.833793108720126,15.09619824746998,22.75716210646333,13.182616211264937,19.693569808171826,59.343145254100996,41.82511809416813,63.82269193354143,6
0.7019491619414238,0.37151047591642916,0.6129739416757111,0.4028059448564056,0.43396015197350324,1.1185799964967271,1.6688364380947245,2.4347617941471706,12.0,13.0,13.0,13.0,13.0,10.0,14.0,14.0,23.150633751831233,11.523990128852986,20.50371581559831,14.237496082462338,18.922938727928475,43.80195638387166,58.853570407159076,86.54700285891232,6
0.5597160459054814,0.16921804798269696,0.31601463558748616,0.21247011465987722,0.4402128028777743,0.9661400825544999,1.733598081471691,1.5928578577789003,12.0,14.0,12.0,10.0,11.0,13.0,11.0,15.0,22.55499378315071,7.145666223079701,13.52995746637884,7.689127347993074,16.254411022109366,36.48641140580574,66.14323027802095,65.26599692910499,6
0.7693086191497388,0.21082517306942325,0.4073446248899319,0.26912996554775725,0.5836833527169367,1.4690391312443134,1.6905110473116418,2.0102305874502173,12.0,15.0,11.0,11.0,10.0,12.0,14.0,15.0,32.144794316119,9.044891332246172,16.531799618593023,10.979959492937729,19.338752873779427,53.00174120829044,58.60453011026238,92.25154114457143,6
0.8730952325187045,0.32391990898159057,0.4519453934849928,0.42303166329391395,0.9146976772706454,1.173463043474422,1.405517777868486,2.5567990775832663,11.0,13.0,15.0,13.0,14.0,12.0,14.0,11.0,35.77007433001529,13.993020767559543,20.698432105752264,18.22197439481212,33.64611035635727,51.822458675986816,64.93584132171631,101.72803135051441,6
0.47896725965570425,0.26345292990766483,0.3349919504845114,0.2542931997558455,0.5117966616077062,0.8651630517859458,1.1670640979205404,1.656066294503987,10.0,9.0,9.0,13.0,11.0,10.0,9.0,11.0,18.18072795635819,8.989822691923052,12.960705659156039,9.556713217835423,18.58676109077898,31.735054061123044,41.36693695177581,60.01152512236849,6
0.4961919948735665,0.1883392495839925,0.17605062701195648,0.18647243376981767,0.5266340718334815,1.2677507312421457,1.3095393006289584,1.0209832451286864,11.0,7.0,12.0,11.0,10.0,12.0,11.0,12.0,18.972226754799866,7.216654759914312,7.137245841697356,8.14447247378136,19.493315819001072,37.52124810606772,47.60765352345773,36.524997837111655,6
0.9037980535517695,0.16548112557581998,0.2876875980049228,0.140888449445727,0.515880874761969,0.8833060309889567,1.6045628892525847,2.0105841738559636,13.0,14.0,11.0,12.0,11.0,13.0,16.0,13.0,34.16975003215858,7.800081205755284,11.28520847596927,6.00781838110078,17.27328831577724,30.541079374708847,77.88703561855759,87.80851561584026,6
0.9972443019267095,0.32438108205301813,0.39912687502428973,0.3074735966214256,0.6834557877222476,1.1778522860171097,1.3318843600871386,1.9266341694196152,15.0,8.0,14.0,9.0,10.0,11.0,15.0,15.0,25.359132088922298,8.380632651398399,17.24116420111515,10.591635843794421,21.5084107759807,39.239120105786064,55.58486262854029,79.9743572971611,6
0.4764621536764316,0.17724450981126863,0.45657875738513937,0.26999264394026923,0.5058096956983795,1.1066353411930894,1.030530417817361,1.064888945109847,13.0,15.0,15.0,12.0,14.0,12.0,12.0,11.0,18.988419992548206,8.97349228682345,20.76812099467493,10.647105719441544,23.05337049100782,43.58049813417152,35.230688253087415,46.06511079134178,6
0.58297435791165,0.33905131908147257,0.3381497522955505,0.21783640285033531,0.43658715183129376,0.6788408574530571,0.4352033509426929,1.139038907765628,9.0,9.0,13.0,9.0,12.0,10.0,15.0,11.0,15.838557638910666,10.200019392936815,11.29917474691214,6.894343630487617,14.731130526973937,22.464908477791436,18.378008744999786,35.104860887061236,6
0.3965565922549657,0.15580161507168117,0.2794967126980473,0.15466514474496668,0.40544788490348077,0.9543970588123235,0.7625656943992122,1.011381316075533,8.0,13.0,11.0,16.0,11.0,12.0,14.0,8.0,11.058934443881903,6.347850764371514,9.530505898904384,7.239335681013709,14.173147476062901,32.600484009722855,37.874403922249265,30.222302626854454,6
0.16510485694553387,0.2074358582444311,0.2485780383441818,0.11632329385047864,0.535048710504721,0.6895774752474784,0.8899159252250252,0.9846673131705719,13.0,10.0,12.0,15.0,10.0,13.0,12.0,13.0,6.019313434094232,7.456697381670456,8.834265955039701,4.459084112453858,19.007901681428805,26.648119978180965,29.374805702000327,39.2107828360139,6
0.4313969008110185,0.1486458417920933,0.21781916643067914,0.15227670870518598,0.30491584301956,0.7724861181849179,0.8325816832586242,1.4874833766359468,14.0,11.0,12.0,12.0,11.0,13.0,9.0,10.0,19.14827628323145,5.725484818846535,7.976619124695502,6.489389648849888,9.532716387822827,30.66942598008849,28.509559869428426,55.378440551100546,6
0.39839018307085483,0.6737232654305677,1.84672473007699,1.191288281435426,0.5033135361223433,0.7630685198781078,0.643156000456567,0.6317089749940488,27.0,32.0,34.0,28.0,28.0,32.0,29.0,34.0,22.716342467267484,47.649160110819274,112.76039417188053,70.16726844600241,30.0377527165089,35.33247414353992,27.252672623559853,29.75405690982846,0
0.20300562051211565,0.439797390370778,0.9184245136129601,0.5478416649720312,0.14495539245482722,0.11935001892883312,0.16108052639669362,0.15575479182685842,35.0,29.0,31.0,33.0,29.0,35.0,31.0,29.0,13.549121612272682,29.502455688275052,58.99715286031768,38.90115304963397,10.083636461106567,9.49216485038761,11.466228250656,10.609418675554117,0
0.07394843450561421,0.23041710785566538,0.4202525917763842,0.19004012703790338,0.09794597167114873,0.04895546385879841,0.06290711500469941,0.0679563597286739,16.0,17.0,13.0,11.0,14.0,14.0,15.0,13.0,3.808502745542856,10.73711786153239,18.435304337207338,7.998535636479926,2.918494686991808,1.7734555381571215,2.8243147686485304,2.720394320846695,1
0.09812241300137664,0.20903020138838455,0.28458678339579074,0.14507330356239506,0.035778192015804386,0.06806639795198735,0.07370153101341954,0.097517568717125,12.0,15.0,13.0,13.0,18.0,13.0,13.0,14.0,4.075802373965321,8.935590054740912,11.896921615293731,6.119327907979252,1.7086559017794973,2.620843075066221,3.1783351973073195,4.170049197329908,1
0.09933161507590604,0.2762792572790985,0.4620729484211987,0.2304455284948917,0.04475135079378527,0.05092843846250884,0.06119612759882864,0.055982363918080404,14.0,12.0,12.0,12.0,21.0,14.0,14.0,12.0,4.469569261684713,11.458206021517366,20.47408743136239,9.202792477856327,2.796104352707389,2.245712554997154,3.0552864728326647,2.3412170439258375,1
0.07585664254607899,0.1503199400932012,0.325450112378103,0.1725131964351894,0.034148848605740814,0.05900759664351981,0.09215927303676277,0.035760911273190504,13.0,9.0,14.0,14.0,12.0,12.0,9.0,12.0,3.388741916700569,5.235185025084964,13.488856084723132,6.247601506666077,1.2538753990822316,1.8669650847777577,2.7494286413103075,1.1541018737665778,1
0.11711902201409607,0.25263247983792775,0.41201860477476915,0.17614414841437256,0.06854362103103374,0.05459535542228633,0.09287287070197647,0.04843252304482998,17.0,15.0,17.0,15.0,11.0,12.0,11.0,12.0,5.484005968433529,11.775648346139644,17.81074734785438,7.97010361466246,2.5946497416102363,2.251854896574175,3.8407459744063996,1.9064389100987982,1
0.0983728179854169,0.23617033392811712,0.3789716253350753,0.13735089669582828,0.025445429433714434,0.08097998987023824,0.08783888914597969,0.054654068344240685,16.0,13.0,13.0,13.0,13.0,10.0,10.0,18.0,5.025748138204134,10.047561927781675,15.731844240096297,5.941307972921047,1.0630666889107132,3.0811667938867036,2.970195400154874,2.560889867517431,1
0.12061412655248449,0.16270324447919132,0.2294266078917768,0.11341377508080323,0.048903073736608155,0.046833809293518984,0.05672525815657305,0.07577311690383276,11.0,9.0,12.0,14.0,12.0,14.0,9.0,10.0,3.595997847668595,5.214237115432629,8.004355555980815,3.475255124276327,1.2871990721487827,1.9279730456203388,1.4896027755679702,2.3768051644198467,1
0.17626086537291347,0.3041924213372954,0.4203025336761977,0.19693218995364728,0.05349217259914057,0.05103355038848626,0.03275307612072631,0.08339737060552958,9.0,10.0,9.0,9.0,10.0,11.0,8.0,15.0,5.138975151667949,9.06279658800357,15.077988507925749,6.687449871164539,2.0285648255665945,1.814428544811127,0.930633982893292,3.427612072461725,1
0.0630689174389443,0.26714870398646273,0.3076880869749239,0.1307805817299652,0.09733357975404808,0.04937834236838501,0.0710146813019591,0.06960205494371742,13.0,12.0,10.0,10.0,13.0,12.0,11.0,11.0,2.382868081935697,10.907173830084446,11.47655556265808,4.885998642070212,3.800860881528688,2.000268360595285,2.7492792331472735,2.5102077609024582,1
0.0919016442311049,0.21467474741237738,0.2515471566123385,0.11045229004727719,0.06634195572907708,0.052301539150375505,0.08978115865626575,0.09002182993305942,13.0,14.0,13.0,15.0,13.0,10.0,13.0,11.0,3.379808761807058,8.866799111305097,12.152982257323321,4.759815564351964,2.510356219740256,1.6961588515632833,3.1762910740001282,2.6149343554117337,1
0.30179013833090523,0.28985487354512596,0.39985046504161936,0.18489537847832932,0.044335676142956394,0.05908018226727687,0.09619996915979377,0.14075448224573806,11.0,15.0,13.0,16.0,13.0,12.0,12.0,9.0,12.063719226469003,10.750958890726643,15.940572687972724,6.337280660332567,1.8861373310104992,2.268476806409326,4.27370142991548,4.907281031789656,1
0.07809977930739896,0.20019764530566703,0.34088531796176685,0.1759887031031368,0.07366269957287884,0.06445778469312456,0.07213438726790587,0.08345207363146881,17.0,13.0,15.0,15.0,15.0,13.0,16.0,12.0,4.142552446806751,7.433219781375122,14.996190233770577,6.635195259332392,3.0491562529979928,2.053312204750122,3.017666106393542,2.9356655938750587,1
0.04955160116344382,0.26646381830012955,0.3368710504163955,0.12687761042990583,0.07991213615539386,0.06304080413954946,0.07229841418390837,0.06584078788805471,11.0,13.0,13.0,12.0,13.0,15.0,13.0,12.0,1.8195935630970617,10.047316938004649,14.05801093748999,5.7488372502747485,3.069489007446658,2.9397785275697035,2.7083597005465614,2.81809999420631,1
1.711212928373756,0.9262624759010967,3.0500058886985566,3.375495711239607,1.6802483539365745,1.5161434941054892,1.913523173529576,0.9739048929133391,27.0,33.0,23.0,23.0,20.0,29.0,28.0,25.0,96.3531822629223,65.25175092113982,184.39740065912054,176.27152155781414,72.11737404966168,84.8679772594405,112.62280420747331,56.760524498670605,0
1.0073488482933768,0.617286665059072,1.539725000671283,1.7146518491070657,0.413173194759548,0.4768001710904997,1.8554903529081601,0.5283474726941617,15.0,13.0,9.0,17.0,12.0,11.0,12.0,15.0,44.80573719655256,23.850398358973557,65.28449920963098,71.19705530509748,14.245360313049382,15.781540354869666,60.044412224545596,25.507495362521205,2
0.9897599943424055,0.33593079645920615,1.3021775335716836,1.5206011512382451,0.5498984249413975,0.3321482981533659,0.7314298315522829,0.6437778756157756,13.0,12.0,11.0,12.0,11.0,14.0,18.0,15.0,38.46280478121434,13.503055048656229,47.04030805785385,60.29424520580398,16.007049511965324,12.568460260183324,34.366086983674,28.57093097882644,2
1.1693678884171683,0.42950642975728137,1.2616227597703993,1.6936335886289555,0.4489626339780076,0.24491599129345315,1.0714656066401895,0.7324475600927125,11.0,11.0,10.0,10.0,10.0,12.0,13.0,13.0,45.640019681486606,13.95186728168068,35.87639052513096,47.62338534068923,16.477291182878155,9.967910343478,33.07077349054175,27.52752617203466,2
1.1714137641336886,0.4390084408890236,0.703650590642386,1.367163098249872,0.5084759560609929,0.4704619959626871,0.7629645374573398,0.6122394612858141,14.0,15.0,15.0,14.0,15.0,14.0,12.0,12.0,46.0333683174184,18.75789906899961,26.281647633786,51.01137392093862,19.832815435091902,17.908271449668362,30.5795893730011,26.884813885267985,2
0.6775624394689187,0.42396897309511933,1.005618985242326,0.984912117472399,0.27025329450059055,0.3519824012860174,0.8428910928690007,0.4567515195984018,15.0,12.0,12.0,12.0,16.0,10.0,15.0,15.0,23.02983055542003,13.987980889650737,37.81184274750042,34.66435183599039,12.322714064582614,12.299706174453487,35.17828933178958,19.755728461215767,2
1.111778150027716,0.3154660094770364,1.338625055734599,1.4021038932761454,0.2532588936396982,0.16948057440440928,0.5612659912723355,0.5124282774590376,17.0,12.0,12.0,12.0,14.0,15.0,12.0,15.0,59.390029263009104,9.908211413460803,46.31277820403375,57.10418092084151,9.65468611437456,7.012866819075822,23.42445626855637,20.514656296824406,2
1.2145597275730096,0.4428441317919041,1.290269471947194,1.007989001698713,0.2574164649428063,0.2945684263917762,0.5632916766102769,0.5813630895074501,16.0,13.0,9.0,13.0,15.0,14.0,15.0,14.0,45.98711799992622,16.86302533503884,36.36446893278923,32.633796050012016,10.888471632986343,12.767180056215519,22.88905220412088,21.065487355398993,2
0.8544709941462689,0.25612044733309686,1.0706409077393122,1.283628658742621,0.20675905104854642,0.204472806440876,0.51246239399528,0.6166107875904057,13.0,13.0,12.0,10.0,14.0,12.0,13.0,15.0,33.49934416556213,9.231898255931863,36.661525710525936,45.99374198174575,9.305081830132337,7.8367903003002946,20.25885375972425,25.124466146499817,2
0.8287046278256345,0.4311777660562573,0.8591502827933388,1.4886325038522128,0.3290758891161402,0.16434653717270556,0.8439570216052394,0.46428994359930426,11.0,12.0,12.0,10.0,14.0,12.0,11.0,9.0,32.78890905285116,16.12535415608844,30.513529170035465,52.40755161161715,11.375002092149183,6.493335405920604,23.742161275476924,16.246189631792195,2
0.6577148638111776,0.27643937008440744,1.2513695103709244,1.1249353381484624,0.20157670624962817,0.26341815056980095,0.8861961934072173,0.7123922204751084,11.0,14.0,11.0,9.0,12.0,10.0,12.0,12.0,25.314242930899862,11.098043370576002,42.86056042311359,37.75229255801625,7.5159442529635,9.703623905044521,28.047462014372634,27.33931469969406,2
0.9592092538748646,0.3262048710780522,0.7036213961980643,1.25792189463965,0.2881037394897632,0.16201284434282243,0.3934072649281388,0.5747656405272916,11.0,13.0,12.0,12.0,13.0,14.0,12.0,12.0,31.21967946668737,13.1296782271744,32.31432158803096,48.30240136036586,11.010027621935205,6.288646563833352,14.863318778877073,21.20746618876206,2
0.8992087497238814,0.4381851401917106,0.6343015720661426,0.5930275921527928,0.27503244358056245,0.4565862845192672,1.4777174300338818,0.4951238745460144,13.0,10.0,15.0,11.0,10.0,10.0,10.0,13.0,41.88533568978725,15.499017984202668,23.364763865817938,24.49244838254438,9.26935733108109,14.561856115472413,43.254590823630394,18.121552808162935,2
0.841980013248257,0.46925730751586026,0.9195678807006243,0.7678956029896756,0.2654666816772885,0.23856900821766375,0.7048021478050647,0.6424214968565846,9.0,8.0,12.0,14.0,13.0,9.0,13.0,14.0,28.295465377532427,14.247825455747503,33.83739543684097,36.54019582371904,9.609208462699643,8.23107599614233,25.969498727402073,22.050977082729595,2
0.338105906682732,0.6666263720737787,0.8226791690446443,0.6123229215077828,0.4114882091478571,0.26868926521568864,0.34579247783183154,0.34521738942671354,32.0,40.0,32.0,33.0,31.0,28.0,36.0,34.0,21.054469431234292,51.88607194680732,64.33091451262604,39.90474553243508,27.42832118314462,14.315699336883162,23.566573014209002,19.463186652489753,0
0.15442520658563458,0.3473002348057177,0.5499590970750061,0.29609455056447737,0.36711937673493505,0.21698416257812295,0.17927887757514335,0.1449234907508983,30.0,29.0,25.0,26.0,25.0,22.0,25.0,23.0,11.000364963741207,24.410002643371914,39.429391363461356,18.521856921257083,20.262514397731326,11.511556202089789,9.951135266234854,9.525718002737124,0
5.0091333010642245,3.305050433731963,1.3025895146766253,0.559541176056768,1.1599346717262087,1.2840851298454838,2.4347556595806,3.408531881530852,24.0,31.0,33.0,35.0,26.0,27.0,29.0,31.0,295.7000943736379,217.02774119670508,90.99349759221786,34.789148348631535,72.52326455428005,77.59295277338951,176.06895933089473,227.9866165892985,0
0.8493262270307471,1.062386386952649,0.42765454945084996,0.20164350717098684,0.32695680898038676,0.3247090683741368,0.8695501239140341,0.9331182323084088,11.0,15.0,12.0,19.0,15.0,14.0,12.0,16.0,26.994918607553522,44.12295988315136,12.550430684102496,6.918811029562149,12.94784388448753,13.874597691448821,29.37203164591416,43.464740402564374,3
1.6734697105996625,2.7000145131612854,0.46244651594943803,0.14969522791178705,0.1593635806990093,0.41656273529733695,1.4481963863602687,1.8468246294169437,16.0,14.0,16.0,18.0,19.0,15.0,13.0,20.0,73.90172976010574,107.91728267051197,20.537340090233002,8.254036600773203,7.980336236575814,14.397186690972374,55.387182319815444,94.5360883207613,3
1.0909760241495088,1.427511568825022,0.3297188623095458,0.21045009995333988,0.2806018788963387,0.5498672656226478,0.7370313704537528,1.3436512990930947,14.0,9.0,12.0,10.0,9.0,9.0,13.0,15.0,44.4562808015534,49.77688264533416,12.621588694495282,6.78614457630238,9.06792278193784,16.03213733151161,28.103179052793877,63.03637328722139,3
1.205992592659079,2.062474825495347,0.49147352386417875,0.17469142623226708,0.21009467940071094,0.39688174507331536,1.2103163150747773,1.3669185017681458,12.0,12.0,12.0,12.0,16.0,12.0,13.0,10.0,45.07378970548573,81.00710340223273,18.284308245596105,7.418031425434021,8.955318849879555,14.718161687594087,50.08106025521257,46.42941538978227,3
1.2506847174391882,1.8972429125992354,0.3575523013828419,0.19457525383305074,0.2044630876339299,0.2133371915963791,0.8468388566702356,1.3438515336906511,11.0,11.0,10.0,13.0,14.0,11.0,11.0,13.0,51.086655986560075,72.38109770687409,13.740285207669743,7.7199558043022405,7.541906157042493,8.244699153549448,31.2641899718305,58.80464213413748,3
0.42218970233975756,0.7138581896683331,0.5071197028603238,0.26378082458761815,0.24749226146459957,0.2961176724994149,0.7611718184758209,1.2346788656773224,18.0,16.0,16.0,12.0,12.0,12.0,11.0,11.0,20.06407346200245,32.59020600881746,17.091741367234587,10.106100663075583,8.340610403244487,9.307793816243715,26.2481172586575,43.571810389628304,3
1.3508154652836974,2.1206120433311635,0.31246946629812494,0.13174085398879024,0.20471605103221452,0.4331787314085781,1.0070552464891083,1.0798100294917414,13.0,17.0,15.0,13.0,15.0,13.0,14.0,14.0,48.051682357014265,89.65665135061681,13.011132500435915,5.662001006212865,9.722733189153633,18.483944038813334,45.984745056193866,44.28710336156689,3
0.5948586339895391,1.5197313791361442,0.4261543254410584,0.08863881006113836,0.171601265354496,0.30867898353163675,0.7468773465838572,1.2028000190713641,14.0,14.0,14.0,13.0,9.0,13.0,12.0,11.0,26.554229878250016,67.35692941963929,16.490060514996582,3.250370118181613,6.065538893303534,11.827706461815882,30.34496342061931,41.63122664993024,3
0.6409321619107047,1.1091284642788675,0.4178887047543529,0.10074340772421406,0.32226243808034744,0.46029883076342454,1.2677922058468758,1.5567147895026077,14.0,14.0,13.0,14.0,11.0,10.0,9.0,10.0,26.77993507480885,45.241351379353574,14.213799483725468,4.264003206446555,10.474289052602536,14.733725849436345,35.32745432747221,54.33464819756513,3
0.8217326377283886,0.777663810701379,0.3425650147340395,0.11983239032804757,0.21444156788421542,0.2179625515932295,0.6985276460245337,0.9085813794780804,14.0,11.0,12.0,11.0,13.0,15.0,13.0,13.0,33.34017356586964,29.98935100785631,11.532478704334585,4.553897709428878,7.078983030090005,8.785045016519463,26.503247041367317,38.65885146883662,3
0.5168307005849051,1.7198305421173885,0.32355434373818465,0.10362185511442118,0.16452960565530153,0.2968502800739641,0.7289733654512237,1.0036963604065536,14.0,13.0,13.0,13.0,11.0,17.0,15.0,13.0,19.918150332393886,70.79422458824804,12.313232015779695,4.314155835417499,6.646559504080123,11.59830816096167,29.27792046398396,48.13844214925123,3
0.849357264415114,1.090000708591522,0.2220872852691318,0.12463448077508489,0.42414154271359084,0.19464532821003316,0.5383176764576741,0.8920578442596258,11.0,9.0,11.0,10.0,10.0,13.0,11.0,11.0,26.84656796098566,29.28098840705752,7.753523110404969,3.9690181597927876,12.34809251430585,7.995155008030761,23.24217588486329,30.618264195310807,3
0.9877517768711196,0.6352581037437431,0.37630298525388667,0.1285575929267457,0.16089805021607637,0.2591263216717856,0.6138751195597243,1.1244037955573731,13.0,15.0,11.0,10.0,14.0,11.0,10.0,14.0,34.44447469565705,29.321821985195303,10.631567719870173,5.1940667403457095,6.592237226437483,7.923834046861241,17.39294780987729,32.10899055715847,3
0.6098227324339989,0.721159234535022,0.37702822829946764,0.1423577797140093,0.11693745614041855,0.20985361786954204,0.8052447783169078,0.8026114003669109,12.0,12.0,11.0,12.0,12.0,12.0,10.0,12.0,26.415248271713327,26.724536967108207,13.88935096651149,6.564802110928188,4.9434636053634575,8.70944173316883,30.383718810779833,34.523732980015176,3
0.9742399880258618,1.4519679840277202,0.7852501615310644,0.29036780042912963,0.17232641497399523,0.34853774862905257,0.750961750849424,0.8917784562363018,13.0,12.0,11.0,11.0,10.0,12.0,12.0,11.0,27.928910351775198,35.90895167906259,21.812386693955386,7.7142490141663735,4.2882875623060945,10.018706966749958,28.259735828756455,25.55061158822062,3
0.7642115356194893,0.9179646896208158,1.1544835215820572,0.813281511501123,0.2559552615468695,0.23238578348521743,0.9214358297967397,0.49162211956297264,35.0,37.0,29.0,33.0,40.0,32.0,28.0,32.0,47.866391192643434,68.56545172048978,83.17017578668666,48.54228039872799,20.402206183285024,16.652035953040485,47.04335240559505,27.422525070075785,0
0.19073002179876933,0.45996864186088127,0.8537126727449462,0.5136695701739687,0.28446297147821514,1.0283198594249234,0.4263894422183435,0.20318923619960605,24.0,18.0,28.0,24.0,22.0,29.0,21.0,27.0,10.888003097097098,25.210977520522402,50.21637607279747,26.24304078466305,11.557757681620393,27.979698302390684,14.412038832123898,10.67328097355193,0
0.35106545977855663,0.5241123863633605,1.0444527383060014,1.3258922598179987,2.1643514237349173,2.2205937595152956,0.6496319632685135,0.4241997759409515,11.0,13.0,10.0,9.0,11.0,14.0,10.0,12.0,7.815001904144068,17.395161598232967,36.859554048697234,44.85287633249377,72.46284785204077,81.66721062692439,17.831174008594942,12.796441658314762,4
0.22006557072225594,0.4635934106652658,1.141323853544196,1.217793452156949,2.0823910574772695,1.091579000549147,0.46381034009176647,0.2390888271255624,13.0,15.0,12.0,13.0,15.0,14.0,14.0,12.0,7.9590857476146395,18.69653169741265,37.33380220089025,47.47205278038043,92.86299730362717,38.776635402590706,17.33296282471515,8.751461066135256,4
0.5065339800770106,0.6077070428898773,0.7596054390924138,1.8141051994419537,2.417917961947818,1.4123304478208234,1.0386210848437472,0.5862789082117782,9.0,14.0,13.0,13.0,13.0,17.0,9.0,11.0,13.613232043941018,17.72311450315075,32.15954280871226,68.61804930259073,82.10215111159671,55.51409661982484,29.265612493152666,16.28145874454032,4
0.3627496489148633,0.7004353760280736,1.545783843698049,2.038737017526167,1.0187847649776611,1.6787148826209206,1.0143229088443042,0.4270550752846747,10.0,12.0,11.0,13.0,12.0,12.0,12.0,10.0,11.888139589655408,22.169312612170472,46.12688085674437,73.60854546568494,34.78205754002099,59.00585692272901,35.86799527922601,14.476081792897006,4
0.30669521661161786,0.5237694382360291,1.1821973160036936,1.4023560881804045,2.4608205153216414,1.8274359618466807,0.6583024090551858,0.2956414490901778,14.0,13.0,10.0,12.0,16.0,12.0,12.0,13.0,11.452337592696642,20.80172489105761,41.512821576831385,44.011135304681005,88.54973428385297,66.36463494777217,26.99550636820437,12.621560126861377,4
0.3387015782851425,0.726995047270229,0.8264581069419087,1.1845690167294374,1.4870118054489467,1.315468127862148,1.0523291368188739,0.48583688183511486,13.0,12.0,14.0,11.0,13.0,15.0,13.0,12.0,9.987938682587547,22.401005123296997,31.84589714160436,44.461613277134326,61.24364707881309,50.31009252464777,30.98666374192091,13.15751361141103,4
0.2861377641524825,0.8610205953352298,1.6864888141895764,1.3643709442078469,2.486073195981479,1.4321823909058353,0.5420634047265431,0.30087735140773675,10.0,10.0,12.0,16.0,10.0,10.0,10.0,12.0,9.805985681008277,28.356885120740476,62.78045186306635,54.85935536704234,101.73245114893083,53.543971933255854,19.16741280353055,10.456664001008091,4
0.22012234423019048,0.403848324014109,1.1401819962991533,2.0784479108144946,2.208890081560803,1.6308372158387199,0.4804006727510704,0.23805937877299527,16.0,17.0,14.0,16.0,10.0,12.0,12.0,11.0,9.50568472744691,16.006528473384567,37.694946782427394,77.64527334357524,82.99493246808532,62.3955438319732,21.86888533775734,10.091729127808978,4
0.22186461948326766,0.37964774467998097,0.7547820519125092,0.9558847774278012,1.705353196730114,1.7422439833089387,0.43054184608380114,0.21981219255528117,13.0,16.0,12.0,13.0,14.0,14.0,13.0,14.0,8.785219674363544,17.306301628803133,30.522153783686388,37.64321527485976,66.50308710283748,63.8133048460798,16.659115827383882,7.825162069906213,4
0.40067964894894725,0.8818994732125809,1.1200058169747713,0.9234091467925251,1.8147525564490523,1.477674050651543,0.9931188175334467,0.5233351307815837,10.0,10.0,11.0,11.0,10.0,10.0,8.0,12.0,13.469248547666211,32.26895963482462,39.0567993533022,29.977680050287532,60.112272536929936,58.78942806970399,34.082157755441074,18.379265282680322,4
0.26090146625210076,0.5351155926239404,0.6778533637191543,1.1261000390961133,1.071045682539075,1.3955656637232516,0.6476266314982294,0.3981710387912706,13.0,15.0,20.0,12.0,14.0,11.0,16.0,13.0,10.446229886228066,22.343763730998184,31.019206566463772,42.64873380425611,39.01872447795102,39.64761030202632,25.168234262775183,14.548161938999874,4
0.11436119932165437,0.5213375815953731,0.7049777511548464,1.4681770734966195,2.1667558232586037,1.6808475381320633,0.5744315446971773,0.3077681639693771,13.0,13.0,11.0,12.0,12.0,10.0,12.0,13.0,5.245513103467903,20.723469449713143,22.512609879370423,51.55631671950166,75.97512637155685,56.01531207718722,22.850933815358317,12.647444656407188,4
0.14293343379276338,0.3452701362630796,0.8156898512420355,1.1560561966426663,1.755197644048988,1.140358432371088,0.35293498626066666,0.14683574915100445,14.0,12.0,12.0,15.0,12.0,13.0,13.0,13.0,4.9931662363661795,10.91157162741171,26.347375726609762,47.085786735555324,62.09577002085756,34.77065504751191,14.781085753090826,5.501906843501859,4
0.2659628406807376,0.5161481699871012,0.8966072892011178,1.4073477416108462,2.180981565804063,1.075897730917266,0.3937824068282435,0.3289893938072103,8.0,10.0,14.0,18.0,12.0,9.0,11.0,11.0,8.85963186536,16.241406094527864,32.45077758212853,62.8877181312526,80.02578845407479,32.34405282130367,12.318421012970166,12.81181535894755,4
0.3260546716390283,0.5379975653566421,0.8129536105250947,1.0680102542640986,0.9664069474575903,1.8754255276291358,0.7606309320398801,0.38668626030862135,18.0,13.0,13.0,14.0,16.0,15.0,18.0,13.0,10.955321285458972,17.651419411006568,27.466904725616562,44.55851397241963,42.90338633821873,59.27940503498409,27.42824394608659,14.62976803413965,4
0.2856386766951901,0.3937966377694379,0.9894226916108251,1.4000857775467068,1.7042075670036283,0.9456217402866206,0.4719690357906467,0.11348253223935502,9.0,12.0,10.0,12.0,12.0,16.0,11.0,20.0,10.183389764200523,14.411212677331957,40.16125969410305,57.83266964376509,66.89212176217276,40.30143087432016,18.566392048043344,5.1101646603157045,4
0.18763322136528726,0.44025180181362394,0.8021937280701847,0.3317194369166792,0.19555364355201105,0.15972104344069654,0.11841041085914003,0.17721112075959594,21.0,29.0,25.0,27.0,22.0,27.0,21.0,22.0,12.034282131704343,29.539992586627378,53.8751722719154,23.663920962240187,10.453056442252723,8.951114596452422,6.271456611371825,9.546641287006024,0
0.6857049980126385,1.6927649263537419,5.024616026444418,3.3469376724921953,3.346213080026043,1.1041482006907821,0.7652358227603508,0.4587135234709639,33.0,30.0,32.0,24.0,27.0,32.0,33.0,30.0,40.95323560871818,90.1370522056027,247.43021774912208,177.36899073513442,215.40384489211706,76.1481747341661,52.26848476600617,29.43033624043528,0
0.21685110750689743,0.7151104275778732,1.5694890009306814,1.5715171535640844,1.0979866552876443,0.2550602410287216,0.21867905385926473,0.16619396737705347,10.0,10.0,12.0,12.0,13.0,11.0,14.0,12.0,7.448466059112844,21.704396953291344,45.96872420162504,56.76489182857543,38.73352208541744,10.100860839359132,5.991549461823846,6.434814988760631,5
0.20548169652765927,0.6477402479748321,1.2042323564054496,0.8961521977929242,1.130553716886162,0.35158129977614444,0.32098024451639684,0.2214930612683126,14.0,17.0,15.0,17.0,17.0,16.0,14.0,14.0,9.185874040734584,25.8918023029903,48.632344332565566,40.74433705691628,51.06269665062846,15.128933819522715,11.672867500569337,7.440364821992713,5
0.11702552179797,0.4841419422186544,0.9677932370561478,1.124136736852934,1.3246274012753343,0.31057551774995074,0.253562429876476,0.16515850153517,12.0,11.0,9.0,11.0,15.0,14.0,14.0,14.0,4.168447797484746,14.867925893047527,30.613187822616894,40.703285963218505,50.99673005952994,8.917262245474138,9.218515604769326,6.742235980529297,5
0.17635890239814558,0.3192573443552993,0.8935726192192085,0.897972243466207,0.9004092796167348,0.19144642741250742,0.1788174574133561,0.15059782462829469,9.0,10.0,8.0,12.0,12.0,12.0,13.0,12.0,5.294989759582919,12.638719331415494,29.53561761483481,30.127411053868265,31.624089246849657,7.319842623323471,7.826334223769617,5.873163326771154,5
0.15517444901213187,0.276542832800836,0.8457067690967446,0.4878793586902008,0.8997932871753437,0.27738030684180864,0.1688993706102519,0.14038162147607497,10.0,12.0,13.0,13.0,10.0,15.0,13.0,14.0,5.389782029787305,10.056028507163889,34.74618492945529,20.80983260139216,28.795446540369745,11.051412100501754,7.254545804203555,5.294320013721049,5
0.1505874867793986,0.4351051696417372,1.3425826144107469,0.7763818855570845,0.6257846090531702,0.09296723902795422,0.16443795023815072,0.12409763589680685,11.0,12.0,10.0,12.0,13.0,11.0,15.0,10.0,5.67803414573513,16.63467879945707,48.122159769812626,30.80442809717653,26.934353565139325,3.513623490521291,6.209729156782754,4.329488000384126,5
0.14116374471078258,0.45849914749790044,0.7547916403227748,1.8522836709793293,1.5173910362389056,0.23825723730741577,0.17581841911984983,0.1070791325439283,16.0,15.0,13.0,12.0,12.0,10.0,10.0,15.0,6.306738005020906,17.270881836666526,25.388023249938676,64.7772575747776,54.72842161851398,8.760544675593415,6.3275411788213844,3.802397659464168,5
0.14000558530633422,0.41043145084781313,0.7665000551010002,0.6329618019335893,0.7679477273745783,0.3178846362814258,0.16647009670782417,0.09752179394931633,12.0,14.0,12.0,15.0,10.0,12.0,14.0,16.0,4.963860221753979,17.018803494911612,29.041006793340394,26.62713252622794,24.470781307824147,10.806644833393488,6.355775400326425,4.5168634897490785,5
0.13404835599975526,0.3312219469751262,0.6091716665574866,1.1580285131096781,1.4757763563959623,0.3151042040746354,0.11720999529730243,0.11070580734579405,12.0,14.0,12.0,12.0,8.0,13.0,17.0,10.0,4.034730597105143,9.593045515183555,15.67447703230585,32.392267336198465,31.183982402649782,10.467315119995632,4.798191111559706,3.503050323725128,5
0.13746257810965698,0.2874136385014075,0.6100853305202553,0.816408737592758,0.8305578107563361,0.1575898312560388,0.1455832458768569,0.11776863082493919,9.0,15.0,15.0,13.0,11.0,13.0,12.0,13.0,4.478582434494163,11.203277973637537,27.232596821837195,34.39767482334435,27.19300806867214,6.352816636850927,5.907014444153581,4.441277488953745,5
0.13790869397009525,0.34110899540451556,0.8352876789941553,0.7126557568494151,1.136380319071182,0.32318592300362425,0.20813429910946066,0.1127769637815743,12.0,12.0,11.0,16.0,10.0,10.0,16.0,15.0,4.974535412526862,11.836586110198011,30.63222176455053,30.190884459473597,33.73700562488455,12.90438566549936,8.498480314931617,4.681896562985134,5
0.11179311587019443,0.28839234179736456,0.47121009303864175,0.9758150543076075,1.3146385639690745,0.11355841193882835,0.18031486786018752,0.0801965993703546,14.0,14.0,9.0,11.0,12.0,12.0,9.0,13.0,5.128176959242467,11.443188274793203,16.262229807073748,36.65180759859335,51.73676716430711,4.587247804568062,6.328729229738015,3.4686948978298515,5
0.16423385067575827,0.6034227183759941,1.1049640915954668,0.7455806160508086,1.1367736246926914,0.21505623071166838,0.09591198871160314,0.11495379336180052,16.0,11.0,10.0,9.0,11.0,12.0,14.0,20.0,7.174909451384896,23.974426701539127,42.464552806151275,22.6116416557704,40.35287481869899,8.298615571175153,4.497502800387077,4.807948358603111,5
0.24695053491024063,0.7018259271271537,1.7864131993766597,1.2959907714155174,0.9832171024399053,0.1905267494113724,0.1871924478551529,0.1705977551692982,10.0,8.0,8.0,10.0,14.0,10.0,9.0,11.0,7.478977912455826,19.91417302318115,41.41876523128757,38.26709292748304,37.43213979837527,5.3904952879944235,5.438643155913264,5.5380665764580375,5
0.177091321896735,0.30893020456931514,0.587000792682098,0.7018140009600384,0.5092729166019071,0.20545616952777437,0.1612200047091476,0.11645514924441501,11.0,13.0,13.0,14.0,15.0,14.0,13.0,11.0,7.222202264750374,9.955499190943229,23.340812371318588,25.726172014894086,21.504844286029932,8.78292710308629,6.675040391107898,3.374891787992676,5
0.2162586895317846,0.5315833627302213,0.9644509859806364,0.5259776988399921,0.6244616305516374,0.8147262869430401,0.2900066514524652,0.22323578767891644,35.0,33.0,38.0,39.0,34.0,34.0,26.0,32.0,16.947252942335076,41.1269270639787,74.92958992381237,40.98756550528481,32.98952509339089,40.28547427658157,19.080333052790163,15.78625324783496,0
0.9349458094179743,0.5040374736776569,0.6772308967986095,0.3501521568310824,0.31794242549189095,0.7470422139841449,1.280676971594196,0.8072042617856634,15.0,20.0,23.0,20.0,29.0,25.0,18.0,17.0,22.34756510105359,29.128123732665497,43.60304025280987,18.866708925283827,12.00796554939398,17.129576255369802,33.15726951619759,16.492048598899594,0
6.669966519765526,1.5296238417979056,1.3039937699296271,0.7963866854296332,1.4627904268097063,4.047446872802883,3.9725037779633783,4.757111667367546,25.0,29.0,23.0,21.0,24.0,21.0,27.0,32.0,374.56219192242014,96.59063291654164,81.18617826424838,46.15117866660756,80.87262993442877,224.77746470939996,250.44534670417048,366.4329892024625,0
1.2591579030892093,0.31300143222305005,0.3439657261498966,0.1449095755997086,0.6104045491321275,1.8528127409626498,1.2725732582956408,1.2807108173222124,12.0,14.0,16.0,12.0,17.0,17.0,14.0,12.0,49.765164237493785,13.448022926467457,15.224182365631476,5.1498497519504545,22.634214722164362,81.56547283727865,55.817240332361294,49.63092046033404,6
0.9997931240682475,0.389071175642557,0.4144587952797419,0.18314838343535125,0.6723658482027343,1.531792836437891,1.2981437180307176,1.207142478126992,16.0,13.0,17.0,13.0,11.0,13.0,16.0,12.0,40.3239313321791,14.405480483670292,14.815636803082308,7.697743794300235,24.823757136579953,49.008080550043786,48.311354161534794,44.90890485041623,6
1.3414445548926563,0.3575906130286194,0.33068531380655136,0.18510109501291674,0.3816489737306696,1.3879344599409815,2.2887163589259925,1.1624712660761765,12.0,14.0,10.0,14.0,17.0,11.0,15.0,11.0,48.89391680472139,13.841403453495614,12.65395073353382,7.244448184327477,17.283341424763773,57.39005790073741,88.55226304818996,46.00528288917276,6
1.2806959697684384,0.2908573445590397,0.5475793968437332,0.31585526714640627,0.6378749116525904,1.276680337714211,1.2681334429146407,1.1290735625589186,11.0,12.0,12.0,12.0,13.0,15.0,14.0,11.0,48.95591264084232,11.4552711542223,21.245474819463645,12.532506161565383,26.762022866430815,48.95399170534855,60.13959933680809,40.553096355187606,6
1.1474123365235007,0.5213503316226952,0.5140291268840819,0.2414527964368083,0.42812759088614516,1.1795161157414424,1.3897489574856736,0.9736303002113632,11.0,11.0,11.0,13.0,9.0,11.0,10.0,14.0,37.573754048850304,16.94271308902429,17.859404651399526,8.689847747711507,13.856017023011121,43.606053250899734,45.418117997487784,40.52426412809427,6
2.768007144622764,0.8143694210602747,0.5630572571160265,0.18461589221644084,0.4194723052464432,0.895126751791843,0.730422420563096,1.054215150865327,10.0,12.0,14.0,12.0,15.0,12.0,17.0,14.0,85.73689254508116,30.171621832946247,21.251228422041947,7.865568557394455,16.57539599946238,30.302010410579314,34.92267776624297,43.16025408606212,6
1.5697734657293603,0.49960852596487176,0.5284756978657242,0.2937200635742314,0.4837496941958419,0.8711327372447141,0.7253186332855163,1.1099336542394405,16.0,12.0,16.0,16.0,14.0,16.0,15.0,16.0,70.63375771680548,19.21325439310587,21.66566484741755,12.362976228134373,18.052763717695367,41.25751284739866,33.42050107855151,53.43548332268252,6
0.7884495109062772,0.15853510551957714,0.2591360987179294,0.16312152851047199,0.46324829514939747,0.9298468590391941,1.2787937411792585,1.4388480588229418,17.0,11.0,11.0,12.0,12.0,12.0,15.0,14.0,32.29316787276252,6.870587765565726,10.556800484533253,6.272849631281387,18.897961504577978,41.851808551147606,61.148324500960626,62.17911409597137,6
1.4363131719212516,0.29100730852273116,0.23688916448553515,0.13820775975579178,0.4463557164349262,1.5456370944394453,2.8733578735672842,1.5673126598835279,10.0,12.0,14.0,17.0,14.0,11.0,9.0,9.0,60.96044574547989,12.928970276789462,10.631008952764839,6.408599051116302,20.256392249261467,65.31376401293,91.54985644543413,50.88106184853248,6
1.710933584346976,0.3417958484205914,0.42996333144290266,0.18345896962155547,0.7418559568013549,1.4781731659738704,2.158712712230725,2.3924615514613765,13.0,15.0,13.0,14.0,11.0,13.0,13.0,8.0,52.49042961335063,13.390464529740338,14.748903400321383,6.952254697085204,25.245397538910908,56.78777085638366,74.95912440770117,69.52590177368722,6
1.5263207922911763,0.3963524592274272,0.49720603737530183,0.20423065499404602,0.44712166621794835,1.0885487113970902,1.4439685889968057,1.8242417085433285,13.0,15.0,16.0,13.0,18.0,16.0,17.0,14.0,57.77526183053179,14.851567740303702,20.188028363900457,8.40204933465155,23.27749106964972,53.10169076485508,62.366696214065335,72.76749102028907,6
0.8236806739577928,0.2830803190729674,0.29723781473346467,0.18786527433624892,0.663168648596785,1.8019505441564951,2.27337394037377,2.481704027770579,15.0,12.0,13.0,15.0,13.0,15.0,12.0,12.0,34.48799677398365,9.387171138725899,13.046542223108698,9.758695077380523,22.854238204753504,68.70170978976545,94.94169290515417,97.97874943882088,6
1.2688988187224626,0.3901407361812679,0.37892042695875805,0.16627308850253072,0.39096455807155756,1.3327660728419068,1.4735960059231978,1.0980171499125222,15.0,14.0,12.0,16.0,12.0,12.0,12.0,16.0,49.0772521533696,15.571153159834315,13.465179911991779,6.746403716954443,16.582165260619092,48.28872252513938,50.39246030639826,50.210944183233394,6
1.1672189523338776,0.37079182179443865,0.33935355828230573,0.15597269407582212,0.17797142404975785,0.9322745295870443,0.9191040385276125,1.0031804310082004,16.0,14.0,14.0,12.0,15.0,14.0,12.0,18.0,52.238919016431936,15.688725514636083,14.224962252552555,5.942816676165946,7.468082902064661,33.26381635852201,40.70424387206029,47.41206888380717,6
